{
  "incremental": true,
  "indentWidth": 2,
  "typescript": {
    "lineWidth": 360,
    "semiColons": "asi",
    "quoteStyle": "preferDouble",
    "useBraces": "preferNone",
    "singleBodyPosition": "nextLine",
    "arrowFunction.useParentheses": "preferNone",
    "commentLine.forceSpaceAfterSlashes": false,
    "taggedTemplate.spaceBeforeLiteral": false,
    "nextControlFlowPosition": "nextLine",
    "spaceSurroundingProperties": false
  },
  "includes": ["**/*.{js,mjs}"],
  "excludes": [
    "node_modules/**/*",
    ".github/scripts/quickstart/**/*"
  ],
  "plugins": [
    "https://plugins.dprint.dev/typescript-0.83.0.wasm"
  ]
}
